hash,type,name
4399f8dec7c2e96f,target,ab.bdf
61818cc79a517a2f,target,check.books
b071801a4a5a02e0,import,check_data
61818cc79a517a2f,target,checks
1448f528f369ae86,target,drake_target_1
c85d88fc56f4e042,target,drake_target_2
f879070a32acf955,import,export_query
d78d2cdce8ca9935,import,fix_bdf
43f602db31b4d687,target,io.bdf
4ce10859cfb0653d,target,io.raw
f01b3ea6a5de3179,target,make.refs
ddc43baa4681bf55,import,mk_q
469ec27c1be2294a,import,mk_refs
d11e193034dc93e7,import,mk_review
b0e6400c889ae14c,target,q.all
